username,public_repos,public_gists,followers,following,created_at,updated_at,hireable,company,blog,location,type,site_admin,account_age_days,days_since_last_activity,account_age_years,repos_per_year,gists_per_year,follower_ratio,followers_per_repo,following_per_repo,has_no_repos,has_company,has_blog,has_location,is_hireable,is_organization,engagement_score,churned
public-apis,1,0,5829,0,2019-05-28 12:23:44+00:00,2021-08-24 17:57:08+00:00,,,,,Organization,False,2574,1755,7.047227926078029,0.12426639448838989,0.0,5829.0,2914.5,0.0,0,0,0,0,0,1,2916.5,1
EbookFoundation,37,0,10574,0,2015-09-04 14:12:36+00:00,2024-09-27 02:35:44+00:00,,,https://ebookfoundation.org/,virtual,Organization,False,3936,625,10.77618069815195,3.141935483870968,0.0,10574.0,278.2631578947368,0.0,0,0,1,1,0,1,5361.0,1
donnemartin,27,0,23967,2,2013-09-14 15:45:40+00:00,2026-03-12 01:24:17+00:00,True,@facebook,http://donnemartin.com/,"Washington, D.C.",User,False,4656,94,12.747433264887064,1.9640029873039582,0.0,7989.0,855.9642857142857,0.07142857142857142,0,1,1,1,1,0,12037.9,1
vinta,29,2,9403,122,2011-03-05 03:52:00+00:00,2026-06-11 15:49:30+00:00,True,,https://vinta.ws/code/,Taiwan,User,False,5580,3,15.277207392197125,1.7816323956099405,0.12287119969723728,76.44715447154472,313.43333333333334,4.066666666666666,0,0,1,1,1,0,4785.9,0
TheAlgorithms,44,0,62596,0,2016-07-16 08:17:02+00:00,2021-05-08 06:44:32+00:00,,,https://the-algorithms.com/,India,Organization,False,3620,1863,9.911019849418206,4.032620287309454,0.0,62596.0,1391.0222222222221,0.0,0,0,1,1,0,1,31386.0,1
NousResearch,85,0,6108,0,2023-05-20 20:00:19+00:00,2026-05-29 03:46:57+00:00,,,https://nousresearch.com,,Organization,False,1121,16,3.0691307323750854,20.888982338099243,0.0,6108.0,71.02325581395348,0.0,0,0,1,0,0,1,3224.0,0
Significant-Gravitas,28,0,4427,0,2023-04-14 07:01:09+00:00,2026-05-23 17:27:27+00:00,,,agpt.co,,Organization,False,1157,22,3.167693360711841,6.718344555756283,0.0,4427.0,152.6551724137931,0.0,0,0,1,0,0,1,2269.5,0
yt-dlp,14,0,3902,0,2021-02-24 14:52:59+00:00,2026-06-06 14:23:59+00:00,,,https://discord.gg/H5MNcFW63r,,Organization,False,1936,8,5.300479123887748,2.2220532319391633,0.0,3902.0,260.1333333333333,0.0,0,0,1,0,0,1,1979.0,0
AUTOMATIC1111,45,5,17805,0,2016-08-09 05:39:07+00:00,2026-04-05 14:00:15+00:00,,,,,User,False,3596,70,9.845311430527037,4.1492584411486275,0.46102871568318077,17805.0,387.0652173913044,0.0,0,0,0,0,0,0,8997.5,0
huggingface,439,0,64575,0,2017-02-12 11:20:28+00:00,2025-10-09 16:40:46+00:00,,,https://huggingface.co/,NYC + Paris,Organization,False,3409,248,9.333333333333334,42.483870967741936,0.0,64575.0,146.76136363636363,0.0,0,0,1,1,0,1,33165.5,1
521xueweihan,165,11,12817,186,2014-07-24 10:16:33+00:00,2026-05-25 11:40:14+00:00,,公众号：HelloGitHub,hellogithub.com,"Beijing, China",User,False,4343,20,11.890485968514716,12.800138055540806,0.8533425370360538,68.54010695187166,77.21084337349397,1.1204819277108433,0,1,1,1,0,0,6786.7,0
microsoft,8014,0,122561,0,2013-12-10 19:06:48+00:00,2025-06-06 20:30:56+00:00,,,https://opensource.microsoft.com,"Redmond, WA",Organization,False,4569,373,12.509240246406572,593.2235902112783,0.0,122561.0,15.291453524641298,0.0,0,0,1,1,0,1,77308.5,1
anthropics,90,0,69684,0,2020-12-19 18:49:20+00:00,2025-05-20 18:06:55+00:00,,,https://anthropic.com,United States of America,Organization,False,2003,390,5.4839151266255985,13.880502480734721,0.0,69684.0,765.7582417582418,0.0,0,0,1,1,0,1,35022.0,1
langflow-ai,11,0,2786,0,2021-06-10 18:03:03+00:00,2025-05-16 14:25:32+00:00,,,https://www.langflow.org/,,Organization,False,1830,394,5.0102669404517455,1.8302015715749915,0.0,2786.0,232.16666666666666,0.0,0,0,1,0,0,1,1415.0,1
open-webui,24,0,4858,0,2024-01-30 07:00:54+00:00,2026-01-03 08:37:36+00:00,,,https://openwebui.com,,Organization,False,866,162,2.3709787816563996,7.119593908629442,0.0,4858.0,194.32,0.0,0,0,1,0,0,1,2477.0,1
ytdl-org,6,0,873,0,2019-03-09 10:37:59+00:00,2020-04-06 13:31:04+00:00,,,https://yt-dl.org/,,Organization,False,2654,2260,7.266255989048597,0.7258425105572576,0.0,873.0,124.71428571428571,0.0,0,0,1,0,0,1,448.5,1
langchain-ai,243,0,19840,0,2023-03-02 00:37:16+00:00,2026-06-10 13:58:47+00:00,,,https://www.langchain.com,United States of America,Organization,False,1200,4,3.2854209445585214,56.70388116914231,0.0,19840.0,81.31147540983606,0.0,0,0,1,1,0,1,10406.0,0
Comfy-Org,68,0,2676,0,2024-04-10 03:46:11+00:00,2026-06-07 17:00:14+00:00,,,https://comfy.org,,Organization,False,795,7,2.1765913757700206,21.406593406593405,0.0,2676.0,38.78260869565217,0.0,0,0,1,0,0,1,1474.0,0
Shubhamsaboo,177,5,8525,3,2017-08-28 02:05:25+00:00,2026-06-02 00:52:52+00:00,True,Google,https://www.theunwindai.com/,,User,False,3212,12,8.793976728268309,18.072332098679155,0.5105178558948914,2131.25,47.89325842696629,0.016853932584269662,0,1,1,0,1,0,4622.1,0
github,551,0,77408,0,2008-05-11 04:37:31+00:00,2026-05-06 23:12:05+00:00,,,https://github.com/about,United States of America,Organization,False,6608,38,18.091718001368925,28.860681891514,0.0,77408.0,140.231884057971,0.0,0,0,1,1,0,1,39806.0,0
deepseek-ai,34,0,93200,0,2023-10-18 09:17:52+00:00,2024-03-23 17:55:39+00:00,,,https://www.deepseek.com/,,Organization,False,970,813,2.6557152635181382,9.30050552331024,0.0,93200.0,2662.8571428571427,0.0,0,0,1,0,0,1,46668.0,1
openai,255,0,123620,0,2015-10-03 19:34:05+00:00,2026-04-17 23:58:17+00:00,,,https://openai.com/,,Organization,False,3907,57,10.69678302532512,21.800866054186905,0.0,123620.0,482.890625,0.0,0,0,1,0,0,1,62320.0,0
pytorch,70,0,13193,0,2016-08-13 05:07:47+00:00,2026-05-07 21:24:50+00:00,,,https://pytorch.org,where the eigens are valued,Organization,False,3592,37,9.834360027378509,6.4609261482089835,0.0,13193.0,185.81690140845072,0.0,0,0,1,1,0,1,6736.5,0
fastapi,10,0,3378,0,2024-01-11 17:41:07+00:00,2024-07-30 01:03:21+00:00,,,https://tiangolo.com/github-fastapi/,,Organization,False,885,684,2.42299794661191,2.9214157168566284,0.0,3378.0,307.09090909090907,0.0,0,0,1,0,0,1,1709.0,1
browser-use,45,0,3670,0,2024-12-17 16:30:16+00:00,2026-06-01 23:43:29+00:00,,,https://browser-use.com,United States of America,Organization,False,544,12,1.4893908281998631,18.07671157547429,0.0,3670.0,79.78260869565217,0.0,0,0,1,1,0,1,1925.0,0
nvbn,101,48,2095,10,2011-10-09 18:21:18+00:00,2026-06-03 21:29:20+00:00,True,,https://nvbn.github.io,"Amsterdam, The Netherlands",User,False,5362,10,14.680355920602327,6.4411803221441355,3.0611550045833513,190.45454545454547,20.53921568627451,0.09803921568627451,0,0,1,1,1,0,1299.5,0
hacksider,164,0,2975,9,2011-12-16 06:16:47+00:00,2026-03-28 22:05:30+00:00,,,,,User,False,5294,77,14.494182067077345,10.584618103105536,0.0,297.5,18.03030303030303,0.05454545454545454,0,0,0,0,0,0,1817.3,0
nextlevelbuilder,11,0,1047,0,2025-11-30 11:07:51+00:00,2026-03-19 10:39:35+00:00,,,https://nextlevelbuilder.io,Vietnam,Organization,False,196,87,0.5366187542778919,7.1585746102449885,0.0,1047.0,87.25,0.0,0,0,1,1,0,1,545.5,0
django,30,0,9556,0,2008-10-06 19:43:18+00:00,2026-05-18 11:31:50+00:00,,,https://www.djangoproject.com/,Internet,Organization,False,6460,27,17.686516084873375,1.6054356983260685,0.0,9556.0,308.258064516129,0.0,0,0,1,1,0,1,4838.0,0
home-assistant,106,0,19534,0,2015-08-18 04:27:28+00:00,2026-02-12 22:24:13+00:00,,,https://www.home-assistant.io,Your home,Organization,False,3953,121,10.822724161533197,8.965784750767092,0.0,19534.0,182.5607476635514,0.0,0,0,1,1,0,1,9979.0,1
3b1b,9,0,40514,0,2015-03-22 18:42:35+00:00,2026-04-16 23:57:22+00:00,,3Blue1Brown,www.3blue1brown.com,,User,False,4102,58,11.23066392881588,0.735855392019699,0.0,40514.0,4051.4,0.0,0,1,1,0,0,0,20275.0,0
harry0703,7,0,1889,2,2013-07-03 09:21:24+00:00,2026-05-31 08:05:42+00:00,,,,,User,False,4729,14,12.947296372347708,0.501889385091034,0.0,629.6666666666666,236.125,0.25,0,0,0,0,0,0,958.9,0
karpathy,63,13,199023,8,2010-04-10 17:55:32+00:00,2026-03-09 20:56:54+00:00,,,https://twitter.com/karpathy,Stanford,User,False,5909,97,16.177960301163587,3.6674901382635374,0.756783679324222,22113.666666666668,3109.734375,0.125,0,0,1,1,0,0,99652.1,1
TauricResearch,3,0,2707,0,2024-12-26 12:55:22+00:00,2025-06-09 09:04:10+00:00,,,,United States of America,Organization,False,535,370,1.4647501711156743,1.2171618994723687,0.0,2707.0,676.75,0.0,0,0,0,1,0,1,1359.5,1
sherlock-project,4,0,2639,0,2019-03-06 17:44:56+00:00,2024-06-02 07:16:54+00:00,,,https://sherlockproject.xyz,,Organization,False,2657,742,7.274469541409993,0.4834146744974771,0.0,2639.0,527.8,0.0,0,0,1,0,0,1,1327.5,1
vllm-project,42,0,3438,0,2023-06-18 14:54:57+00:00,2026-03-17 06:12:05+00:00,,,,,Organization,False,1092,89,2.9897330595482545,10.527020072053526,0.0,3438.0,79.95348837209302,0.0,0,0,0,0,0,1,1803.0,0
bregman-arie,42,2,5024,17,2014-12-30 13:20:32+00:00,2026-06-13 11:51:49+00:00,,Akamai,http://codingshell.com,,User,False,4184,1,11.455167693360712,3.372094301258449,0.1605759191075452,279.1111111111111,116.83720930232558,0.3953488372093023,0,1,1,0,0,0,2601.4,0
infiniflow,12,0,1185,0,2020-08-20 09:04:23+00:00,2026-03-03 04:12:49+00:00,,,,,Organization,False,2124,103,5.815195071868583,1.760771316661645,0.0,1185.0,91.15384615384616,0.0,0,0,0,0,0,1,616.5,1
PaddlePaddle,108,0,7107,0,2016-11-17 22:32:15+00:00,2026-06-01 14:56:35+00:00,,,http://paddlepaddle.org,,Organization,False,3495,13,9.568788501026694,10.218768214493881,0.0,7107.0,65.20183486238533,0.0,0,0,1,0,0,1,3769.5,0
fighting41love,319,2,2280,20,2015-03-14 14:29:45+00:00,2026-04-13 01:25:24+00:00,,@寻人微博 机器人作者,https://zhuanlan.zhihu.com/yangyangfuture,知乎专栏：https://zhuanlan.zhihu.com/yangyangfuture,User,False,4110,62,11.252566735112936,26.035361153008214,0.16323110440757502,108.57142857142857,7.125,0.0625,0,1,1,1,0,0,1784.0,0
swisskyrepo,14,2,10537,13,2015-04-28 11:41:52+00:00,2026-06-09 08:21:50+00:00,,,https://swisskyrepo.github.io/,,User,False,4065,5,11.129363449691992,1.154223802268495,0.164889114609785,752.6428571428571,702.4666666666667,0.8666666666666667,0,0,1,0,0,0,5301.1,0
d2l-ai,50,0,3682,0,2018-10-08 23:47:16+00:00,2020-10-27 20:41:18+00:00,,,https://D2L.ai,,Organization,False,2805,2056,7.6796714579055445,5.760586704518571,0.0,3682.0,72.19607843137256,0.0,0,0,1,0,0,1,1941.0,1
tensorflow,107,0,21427,0,2015-11-04 19:32:50+00:00,2025-06-28 19:58:28+00:00,,,http://www.tensorflow.org,,Organization,False,3875,351,10.609171800136892,9.216850421555334,0.0,21427.0,198.39814814814815,0.0,0,0,1,0,0,1,10927.5,1
Z4nzu,25,1,4214,17,2017-02-11 15:27:48+00:00,2026-06-11 14:12:12+00:00,True,,https://hardikzinzu.com/,India,User,False,3410,3,9.336071184120465,2.418713992450831,0.09674855969803324,234.11111111111111,162.07692307692307,0.6538461538461539,0,0,1,1,1,0,2161.4,0
OpenHands,41,0,403,0,2025-08-11 16:25:09+00:00,2026-05-28 16:46:13+00:00,,,https://openhands.dev,,Organization,False,307,17,0.840520191649555,22.276310896243956,0.0,403.0,9.595238095238095,0.0,0,0,1,0,0,1,283.5,0
python,91,0,31270,0,2012-03-11 15:56:37+00:00,2026-06-09 17:01:03+00:00,,,https://www.python.org/,,Organization,False,5208,5,14.258726899383984,5.963800296057058,0.0,31270.0,339.89130434782606,0.0,0,0,1,0,0,1,15817.0,0
josephmisiti,296,144,4473,302,2010-04-17 21:09:13+00:00,2026-06-11 16:17:11+00:00,True,Math & Pencil ,http://blog.josephmisiti.com/,"Miami, FL",User,False,5901,3,16.15605749486653,17.253381208856972,8.393536804308797,14.762376237623762,15.06060606060606,1.0168350168350169,0,1,1,1,1,0,3032.9,0
hiyouga,64,1,6369,96,2015-12-11 14:43:24+00:00,2026-06-13 10:25:04+00:00,,Millennium Science School,https://x.com/hiyouga_dev,"Beijing, China",User,False,3838,1,10.507871321013004,5.561410813061322,0.08689704395408315,65.65979381443299,97.98461538461538,1.476923076923077,0,1,1,1,0,0,3332.7,0
pallets,17,0,2328,0,2016-01-17 21:29:18+00:00,2026-06-09 17:10:32+00:00,,,https://palletsprojects.com,,Organization,False,3800,5,10.403832991101986,1.4907268471280235,0.0,2328.0,129.33333333333334,0.0,0,0,1,0,0,1,1198.0,0
bytedance,410,0,18056,0,2013-04-15 08:03:53+00:00,2026-03-20 05:48:29+00:00,,,https://opensource.bytedance.com,Singapore,Organization,False,4808,86,13.163586584531142,28.947470158990964,0.0,18056.0,43.93187347931873,0.0,0,0,1,1,0,1,9848.0,0
binary-husky,71,0,1596,2,2021-12-15 15:10:43+00:00,2026-03-24 03:00:45+00:00,,,,,User,False,1642,82,4.4955509924709105,12.919541661477146,0.0,532.0,22.166666666666668,0.027777777777777776,0,0,0,0,0,0,940.4,0
pewdiepie-archdaemon,2,0,29668,0,2025-08-27 21:42:51+00:00,2026-06-03 22:41:36+00:00,,,,,User,False,290,10,0.7939767282683093,1.1148416634872185,0.0,29668.0,9889.333333333334,0.0,0,0,0,0,0,0,14838.0,0
OpenBB-finance,32,0,2386,0,2021-03-04 18:42:27+00:00,2025-08-21 21:14:00+00:00,,,www.openbb.co,,Organization,False,1928,296,5.278576317590692,5.096696827646353,0.0,2386.0,72.3030303030303,0.0,0,0,1,0,0,1,1257.0,1
ansible,302,0,3624,0,2012-03-06 14:55:51+00:00,2026-04-03 20:46:46+00:00,,,https://www.ansible.com/,United States of America,Organization,False,5213,72,14.272416153319645,19.774212342580558,0.0,3624.0,11.96039603960396,0.0,0,0,1,1,0,1,2416.0,0
FoundationAgents,22,0,991,0,2025-02-06 09:43:08+00:00,2025-12-18 07:07:49+00:00,,,,,Organization,False,493,178,1.3497604380561259,9.362656568598894,0.0,991.0,43.08695652173913,0.0,0,0,0,0,0,1,539.5,1
unclecode,124,14,1683,2,2015-05-18 09:41:03+00:00,2026-06-12 00:41:00+00:00,,"AlephNul, and KidoCode",http://kidocode.com,Singapore,User,False,4045,2,11.07460643394935,10.269485856810839,1.1594580806076753,561.0,13.464,0.016,0,1,1,1,0,0,1103.9,0
opendatalab,67,0,2787,0,2022-01-11 06:43:49+00:00,2022-09-15 09:38:20+00:00,,,https://opendatalab.org.cn,China,Organization,False,1615,1368,4.421629021218344,12.357909354879434,0.0,2787.0,40.98529411764706,0.0,0,0,1,1,0,1,1527.5,1
labmlai,12,0,2829,0,2020-04-21 08:19:47+00:00,2021-08-16 10:58:18+00:00,,,https://labml.ai,,Organization,False,2245,1763,6.146475017111568,1.6791495067522266,0.0,2829.0,217.6153846153846,0.0,0,0,1,0,0,1,1438.5,1
safishamsi,12,0,1386,0,2025-06-14 22:34:09+00:00,2026-05-04 07:23:04+00:00,,,,"London, United Kingdom",User,False,364,41,0.9965776865160849,6.010284538909839,0.0,1386.0,106.61538461538461,0.0,0,0,0,1,0,0,717.0,0
unslothai,9,0,3111,0,2023-11-15 12:23:54+00:00,2026-06-06 16:51:30+00:00,,,https://unsloth.ai/,United States of America,Organization,False,942,8,2.5790554414784395,2.514629948364888,0.0,3111.0,311.1,0.0,0,0,1,1,0,1,1573.5,0
shareAI-lab,38,0,3395,0,2024-11-21 08:00:02+00:00,2026-01-02 10:32:52+00:00,,,shareAI-Lab.com,Singapore,Organization,False,570,163,1.5605749486652978,14.840417000801924,0.0,3395.0,87.05128205128206,0.0,0,0,1,1,0,1,1773.5,1
666ghj,7,0,4199,3,2022-08-01 11:43:11+00:00,2026-06-05 15:38:08+00:00,,BUPT,,"Shanghai, China",User,False,1413,9,3.868583162217659,1.4377899620413328,0.0,1049.75,524.875,0.375,0,1,0,1,0,0,2114.1,0
xtekky,75,12,5392,20,2022-01-28 19:10:58+00:00,2026-06-13 08:09:16+00:00,,"@onlpx, @onlpsec, @gpt4free",t.me/xtekky,Europe,User,False,1598,1,4.375085557837098,13.953266267668408,2.232522602826945,256.76190476190476,70.94736842105263,0.2631578947368421,0,1,1,1,0,0,2862.0,0
scikit-learn,17,0,5513,0,2010-08-16 07:44:52+00:00,2025-11-03 14:59:31+00:00,,,http://scikit-learn.org,,Organization,False,5781,223,15.827515400410677,1.0102501525320318,0.0,5513.0,306.27777777777777,0.0,0,0,1,0,0,1,2790.5,1
localstack,108,0,1884,0,2017-05-16 13:12:26+00:00,2026-03-06 22:18:10+00:00,,,https://localstack.cloud,,Organization,False,3316,99,9.078713210130047,10.71565365025467,0.0,1884.0,17.28440366972477,0.0,0,0,1,0,0,1,1158.0,1
Asabeneh,192,26,21406,21,2014-10-03 12:13:33+00:00,2026-05-19 11:48:50+00:00,True,,https://www.asabeneh.com,"Helsinki, Finland",User,False,4272,26,11.696098562628336,15.122755943716644,2.0478732007116287,973.0,110.9119170984456,0.10880829015544041,0,0,1,1,1,0,11117.2,0
ComposioHQ,74,0,1987,0,2023-03-21 08:32:21+00:00,2026-06-11 06:10:24+00:00,,,https://composio.dev,United States of America,Organization,False,1181,3,3.2334017796030117,17.48003233629749,0.0,1987.0,26.493333333333332,0.0,0,0,1,1,0,1,1141.5,0
keras-team,21,0,2767,0,2017-12-11 17:51:56+00:00,2025-06-28 19:58:33+00:00,,,https://keras.io/,Worldwide,Organization,False,3107,351,8.506502395619439,2.209014327885377,0.0,2767.0,125.77272727272727,0.0,0,0,1,1,0,1,1425.5,1
openinterpreter,5,0,964,0,2024-03-12 19:22:04+00:00,2025-12-05 21:11:36+00:00,,,www.openinterpreter.com,,Organization,False,824,190,2.2559890485968515,1.5356317006516713,0.0,964.0,160.66666666666666,0.0,0,0,1,0,0,1,492.0,1
D4Vinci,45,2,3348,91,2016-07-22 22:10:18+00:00,2026-05-19 12:04:27+00:00,True,,,Egypt,User,False,3613,26,9.891854893908283,4.131527681769622,0.1836234525230943,36.391304347826086,72.78260869565217,1.9782608695652173,0,0,0,1,1,0,1784.2,0
pathwaycom,5,0,1406,0,2017-02-13 17:57:42+00:00,2026-05-22 22:42:59+00:00,,,https://pathway.com,,Organization,False,3408,22,9.330595482546201,0.4839992049294375,0.0,1406.0,234.33333333333334,0.0,0,0,1,0,0,1,713.0,0
scrapy,29,0,809,0,2011-04-16 17:31:06+00:00,2026-06-03 11:34:55+00:00,,,https://scrapy.org,,Organization,False,5538,11,15.162217659137577,1.7943082200482787,0.0,809.0,26.966666666666665,0.0,0,0,1,0,0,1,462.5,0
docling-project,25,0,1141,0,2024-11-14 10:15:54+00:00,2026-06-04 21:13:04+00:00,,,,Switzerland,Organization,False,577,9,1.5797399041752225,9.69089944282303,0.0,1141.0,43.88461538461539,0.0,0,0,0,1,0,1,620.5,0
commaai,159,0,4291,0,2015-12-03 04:25:04+00:00,2025-10-02 17:24:25+00:00,,,https://comma.ai,San Diego,Organization,False,3846,255,10.529774127310061,13.790382902938559,0.0,4291.0,26.81875,0.0,0,0,1,1,0,1,2463.5,1
virattt,59,37,3853,2,2011-07-07 23:53:44+00:00,2026-03-05 22:56:31+00:00,True,,,"New York, NY",User,False,5455,100,14.934976043805612,3.702547141445814,2.3219363429405955,1284.3333333333333,64.21666666666667,0.03333333333333333,0,0,0,1,1,0,2081.9,1
CorentinJ,6,3,1945,2,2015-04-20 18:13:45+00:00,2026-03-02 13:13:16+00:00,,,,Belgium,User,False,4073,104,11.151266255989048,0.49377569988171016,0.24688784994085508,648.3333333333334,277.85714285714283,0.2857142857142857,0,0,0,1,0,0,987.9,1
meta-llama,12,0,11008,0,2023-12-09 15:49:39+00:00,2026-05-07 21:25:01+00:00,,,https://llama.meta.com/,,Organization,False,918,37,2.513347022587269,3.4155464640561077,0.0,11008.0,846.7692307692307,0.0,0,0,1,0,0,1,5528.0,0
sansan0,7,0,1664,1,2021-01-09 02:17:56+00:00,2026-03-17 04:03:09+00:00,,,,,User,False,1982,89,5.426420260095825,1.0892533816167855,0.0,832.0,208.0,0.125,0,0,0,0,0,0,846.2,0
datawhalechina,214,0,28884,0,2018-12-21 11:17:27+00:00,2025-12-17 12:25:23+00:00,,,https://datawhale.cn,,Organization,False,2732,179,7.479808350444901,25.236419404310272,0.0,28884.0,134.34418604651162,0.0,0,0,1,0,0,1,14870.0,1
RVC-Boss,5,0,1753,3,2023-03-27 09:52:35+00:00,2026-05-30 09:33:54+00:00,,,,,User,False,1175,15,3.216974674880219,1.1856841421847104,0.0,438.25,292.1666666666667,0.5,0,0,0,0,0,0,887.1,0
mem0ai,8,0,1116,0,2023-06-19 09:32:13+00:00,2026-05-23 17:45:22+00:00,,,https://mem0.ai,United States of America,Organization,False,1091,22,2.9869952087611225,2.0065236051502144,0.0,1116.0,124.0,0.0,0,0,1,1,0,1,574.0,0
ultralytics,53,0,10842,0,2017-04-01 07:59:53+00:00,2026-06-02 00:10:08+00:00,,,https://ultralytics.com,United States of America,Organization,False,3361,12,9.201916495550993,5.19510231465951,0.0,10842.0,200.77777777777777,0.0,0,0,1,1,0,1,5527.0,0
zylon-ai,7,0,271,0,2023-09-01 10:50:11+00:00,2025-09-16 09:16:48+00:00,,,https://zylon.ai/,,Organization,False,1017,271,2.784394250513347,1.8497015735214324,0.0,271.0,33.875,0.0,0,0,1,0,0,1,149.5,1
soimort,48,112,2903,45,2010-07-24 17:55:33+00:00,2026-03-15 17:55:06+00:00,True,,https://www.soimort.org/,"Home, Earth",User,False,5804,91,15.890485968514716,2.8418365279409974,6.630951898528994,63.108695652173914,59.244897959183675,0.9183673469387755,0,0,1,1,1,0,1668.5,1
Textualize,33,0,2335,0,2021-10-29 10:06:26+00:00,2025-06-21 09:37:34+00:00,,,https://www.textualize.io,,Organization,False,1689,358,4.6242299794661195,5.8674698795180715,0.0,2335.0,68.67647058823529,0.0,0,0,1,0,0,1,1233.5,1
ageitgey,50,10,4335,3,2011-07-05 20:51:02+00:00,2026-05-14 06:27:06+00:00,,,,Various places,User,False,5458,31,14.94318959616701,3.1361353196239214,0.6272270639247842,1083.75,85.0,0.058823529411764705,0,0,0,1,0,0,2278.1,0
MemPalace,2,0,553,0,2026-04-10 16:53:56+00:00,2026-04-24 00:59:09+00:00,,,https://linktr.ee/mempalace,,Organization,False,65,51,0.17796030116358658,1.6978500871586286,0.0,553.0,184.33333333333334,0.0,0,0,1,0,0,1,280.5,0
deepfakes,4,0,4110,0,2017-12-19 01:40:54+00:00,2026-06-09 19:00:01+00:00,,,,,User,False,3099,5,8.484599589322382,0.42173630655986144,0.0,4110.0,822.0,0.0,0,0,0,0,0,0,2063.0,0
AntonOsika,146,10,3313,26,2013-05-18 20:06:54+00:00,2026-06-10 13:38:55+00:00,,,,,User,False,4775,4,13.073237508555783,10.374300860853072,0.7105685521132241,122.70370370370371,22.537414965986393,0.17687074829931973,0,0,0,0,0,0,1963.7,0
Zie619,20,0,4024,2,2019-08-29 13:29:02+00:00,2026-05-31 21:26:53+00:00,,,,,User,False,2481,13,6.792607802874743,2.5665349143610015,0.0,1341.3333333333333,191.61904761904762,0.09523809523809523,0,0,0,0,0,0,2052.4,0
psf,42,0,2342,0,2019-05-14 15:17:53+00:00,2026-06-09 17:01:03+00:00,,,https://python.org/psf/github,,Organization,False,2588,5,7.085557837097878,5.194446795902819,0.0,2342.0,54.46511627906977,0.0,0,0,1,0,0,1,1255.0,0
crewAIInc,32,0,2079,0,2024-05-23 21:31:04+00:00,2026-06-03 14:45:45+00:00,,,https://crewai.com,United States of America,Organization,False,751,11,2.0561259411362083,10.47077267637178,0.0,2079.0,63.0,0.0,0,0,1,1,0,1,1103.5,0
odoo,43,0,8298,0,2014-01-10 11:48:12+00:00,2024-01-26 10:48:39+00:00,,,https://www.odoo.com,Belgium,Organization,False,4538,870,12.424366872005475,3.203130576658339,0.0,8298.0,188.5909090909091,0.0,0,0,1,1,0,1,4235.0,1
jingyaogong,10,0,1974,1,2020-03-17 11:00:58+00:00,2026-06-07 14:55:39+00:00,,NJU,,China,User,False,2280,7,6.242299794661191,1.3807768641905303,0.0,987.0,179.45454545454547,0.09090909090909091,0,1,0,1,0,0,1007.2,0
xai-org,7,0,9750,0,2023-04-09 20:11:18+00:00,2026-04-01 19:09:00+00:00,,,https://x.ai/,United States of America,Organization,False,1162,74,3.1813826146475015,1.6740874120150597,0.0,9750.0,1218.75,0.0,0,0,1,1,0,1,4889.0,0
freqtrade,11,0,1740,0,2018-03-19 10:09:59+00:00,2026-05-18 12:30:57+00:00,,,,,Organization,False,3009,27,8.238193018480493,1.1907090464547678,0.0,1740.0,145.0,0.0,0,0,0,0,0,1,892.0,0
NanmiCoder,39,1,2218,40,2019-01-30 11:31:16+00:00,2026-06-12 06:39:28+00:00,,MediaCrawler  ,https://space.bilibili.com/434377496,ShenZhen,User,False,2692,2,7.370294318959616,4.659334369122578,0.11947011202878406,54.09756097560975,55.45,1.0,0,1,1,1,0,0,1196.0,0
charlax,103,16,2510,41,2009-08-28 12:25:06+00:00,2026-06-11 12:45:01+00:00,,,http://www.dein.fr/,New York,User,False,6134,3,16.79397672826831,5.788475593337693,0.8991806746932339,59.76190476190476,24.134615384615383,0.3942307692307692,0,0,1,1,0,0,1485.2,0
BerriAI,55,0,951,0,2022-12-26 21:55:14+00:00,2026-05-31 16:21:53+00:00,,,https://docs.litellm.ai/docs/,,Organization,False,1265,14,3.463381245722108,12.322496549608957,0.0,951.0,16.982142857142858,0.0,0,0,1,0,0,1,585.5,0
lllyasviel,38,0,21323,2,2016-06-09 08:35:46+00:00,2026-04-10 04:39:49+00:00,,,,,User,False,3657,65,10.012320328542094,3.45068058922245,0.0,7107.666666666667,546.7435897435897,0.05128205128205128,0,0,0,0,0,0,10737.9,0
run-llama,127,0,3930,0,2023-04-14 02:40:56+00:00,2026-06-13 12:33:15+00:00,,,https://llamaindex.ai,United States of America,Organization,False,1157,1,3.167693360711841,30.472491377894567,0.0,3930.0,30.703125,0.0,0,0,1,1,0,1,2219.0,0
pandas-dev,16,0,5280,0,2016-08-23 21:37:18+00:00,2026-06-12 12:24:53+00:00,,,http://pandas.pydata.org,,Organization,False,3581,2,9.804243668720055,1.4808995882166613,0.0,5280.0,310.5882352941176,0.0,0,0,1,0,0,1,2672.0,0
minimaxir,158,20,5077,1,2012-08-19 19:25:30+00:00,2026-01-06 02:29:06+00:00,,@buzzfeed ,https://minimaxir.com,San Francisco,User,False,5047,159,13.817932922655714,10.662755785486628,1.3497159222134973,2538.5,31.930817610062892,0.006289308176100629,0,1,1,1,0,0,2874.7,1
oobabooga,59,1,4977,0,2022-08-27 01:04:27+00:00,2026-05-14 18:51:51+00:00,,,https://localbench.substack.com/,,User,False,1387,31,3.7973990417522243,12.298330717648739,0.2084462833499786,4977.0,82.95,0.0,0,0,1,0,0,0,2607.5,0
hesreallyhim,112,3,804,78,2024-06-08 21:56:20+00:00,2026-06-09 07:48:24+00:00,True,Really Engineering,https://reallyengineering.com,,User,False,735,5,2.0123203285420943,37.180640763462854,0.9959100204498978,10.177215189873417,7.115044247787611,0.6902654867256637,0,1,1,0,1,0,644.6,0
Aider-AI,7,0,736,0,2024-06-08 17:48:56+00:00,2024-10-04 19:46:41+00:00,,,https://aider.chat/,United States of America,Organization,False,736,618,2.0150581793292264,2.321679909194098,0.0,736.0,92.0,0.0,0,0,1,1,0,1,382.0,1
apache,3137,0,23103,0,2009-01-17 20:14:40+00:00,2026-06-12 11:35:31+00:00,,,https://www.apache.org/,,Organization,False,6357,2,17.404517453798768,170.44728327568896,0.0,23103.0,7.362332695984704,0.0,0,0,1,0,0,1,17825.5,0
coqui-ai,23,0,1979,0,2020-12-06 18:48:55+00:00,2025-08-22 09:05:11+00:00,,,,,Organization,False,2016,296,5.519507186858316,3.5278740157480315,0.0,1979.0,82.45833333333333,0.0,0,0,0,0,0,1,1035.5,1
exo-explore,14,0,1178,0,2024-03-09 16:23:43+00:00,2026-05-18 21:01:05+00:00,,,,,Organization,False,827,26,2.2642026009582477,4.288949465296708,0.0,1178.0,78.53333333333333,0.0,0,0,0,0,0,1,617.0,0
zhayujie,28,0,1515,29,2017-03-03 09:23:17+00:00,2026-05-25 10:32:51+00:00,,Minimal Future Tech,https://zhayujie.com,,User,False,3390,20,9.281314168377824,2.7233872578390255,0.0,50.5,52.241379310344826,1.0,0,1,1,0,0,0,819.3,0
9001,39,0,1193,6,2010-04-10 13:28:24+00:00,2026-05-22 21:41:09+00:00,,,,幻想郷,User,False,5909,22,16.177960301163587,2.270351037972666,0.0,170.42857142857142,29.825,0.15,0,0,0,1,0,0,675.7,0
hiroi-sora,25,0,1220,1,2019-10-10 00:58:32+00:00,2026-02-03 05:49:59+00:00,,,,TORISHIRO JIMA,User,False,2439,131,6.677618069815195,3.256218240171169,0.0,610.0,46.92307692307692,0.038461538461538464,0,0,0,1,0,0,660.2,1
streamlit,109,0,5154,0,2018-11-16 21:45:39+00:00,2024-12-13 23:27:39+00:00,,,https://streamlit.io,,Organization,False,2766,547,7.572895277207392,12.714491017964072,0.0,5154.0,46.85454545454545,0.0,0,0,1,0,0,1,2795.0,1
SimplifyJobs,12,0,4964,0,2020-04-16 00:39:58+00:00,2026-03-26 07:00:53+00:00,,,https://simplify.jobs/,United States of America,Organization,False,2250,80,6.160164271047228,1.6759392027530828,0.0,4964.0,381.84615384615387,0.0,0,0,1,1,0,1,2506.0,0
HKUDS,87,0,11640,0,2022-11-14 08:19:56+00:00,2026-05-18 07:49:46+00:00,,,https://sites.google.com/view/chaoh,Hong Kong,Organization,False,1308,27,3.5811088295687883,18.99103541012999,0.0,11640.0,132.27272727272728,0.0,0,0,1,1,0,1,5994.0,0
getsentry,780,0,3045,0,2012-02-01 06:56:22+00:00,2025-11-11 19:42:20+00:00,,,https://sentry.io,United States of America,Organization,False,5247,215,14.365503080082135,50.763062942670054,0.0,3045.0,3.8988476312419973,0.0,0,0,1,1,0,1,3082.5,1
roboflow,161,0,4942,0,2019-07-20 02:07:48+00:00,2026-05-27 16:48:53+00:00,,,https://roboflow.com,United States of America,Organization,False,2521,18,6.9021218343600275,20.374274577739282,0.0,4942.0,30.506172839506174,0.0,0,0,1,1,0,1,2793.0,0
mitmproxy,20,0,632,0,2013-06-09 08:50:42+00:00,2026-06-08 11:53:42+00:00,,,https://mitmproxy.org/,,Organization,False,4753,6,13.013004791238878,1.4272456405998144,0.0,632.0,30.095238095238095,0.0,0,0,1,0,0,1,356.0,0
gradio-app,74,0,1328,0,2019-05-27 00:16:30+00:00,2025-04-20 10:15:40+00:00,,,www.gradio.app,"Mountain View, CA",Organization,False,2575,420,7.049965776865161,9.192585664484312,0.0,1328.0,17.706666666666667,0.0,0,0,1,1,0,1,812.0,1
ccxt,33,0,1032,0,2017-09-12 19:21:50+00:00,2024-08-14 02:31:40+00:00,,,https://ccxt.com,,Organization,False,3197,669,8.752908966461328,3.383605867078391,0.0,1032.0,30.352941176470587,0.0,0,0,1,0,0,1,582.0,1
ray-project,126,0,1775,0,2016-09-11 02:38:59+00:00,2026-05-20 12:17:00+00:00,,,https://docs.ray.io,,Organization,False,3563,25,9.754962354551678,11.71552217908738,0.0,1775.0,13.976377952755906,0.0,0,0,1,0,0,1,1139.5,0
faif,23,19,1128,0,2012-01-04 18:44:38+00:00,2026-06-05 09:03:57+00:00,,Mentech,https://sakisk.me,Netherlands,User,False,5275,9,14.442162902121835,1.4894286600771243,1.2303975887593634,1128.0,47.0,0.0,0,1,1,1,0,0,629.0,0
deepspeedai,6,0,378,0,2020-11-06 17:40:20+00:00,2026-02-12 23:16:32+00:00,,,,,Organization,False,2046,121,5.601642710472279,0.9088646967340591,0.0,378.0,54.0,0.0,0,0,0,0,0,1,201.0,1
ZhuLinsen,37,0,869,20,2018-08-30 06:34:37+00:00,2026-06-10 23:35:15+00:00,,,,,User,False,2845,3,7.789185489390828,4.209718869246943,0.0,41.38095238095238,22.86842105263158,0.5263157894736842,0,0,0,0,0,0,512.5,0
mingrammer,184,34,2409,16,2013-12-13 13:10:41+00:00,2026-05-22 12:12:37+00:00,True,@daangn ,https://mingrammer.com,South Korea,User,False,4566,23,12.501026694045175,13.628593155893537,2.5183269961977186,141.7058823529412,13.021621621621621,0.08648648648648649,0,1,1,1,1,0,1609.7,0
apachecn,1193,0,4195,0,2016-12-28 02:46:16+00:00,2024-02-05 13:27:55+00:00,,,https://apachecn.org,China,Organization,False,3455,860,9.45927446954141,114.06144885805902,0.0,4195.0,3.513400335008375,0.0,0,0,1,1,0,1,4483.5,1
paperless-ngx,4,0,904,0,2022-02-12 21:48:22+00:00,2026-05-22 20:05:14+00:00,,,,,Organization,False,1582,23,4.331279945242985,0.7502888689177044,0.0,904.0,180.8,0.0,0,0,0,0,0,1,460.0,0
vnpy,94,0,3765,0,2015-03-02 02:53:29+00:00,2026-04-03 10:55:34+00:00,,"VeighNa Tech Co., Ltd.",www.vnpy.com,Shanghai,User,False,4122,72,11.285420944558522,7.6513454788567605,0.0,3765.0,39.63157894736842,0.0,0,1,1,1,0,0,2070.5,0
chubin,26,1,3868,0,2013-03-15 13:34:43+00:00,2026-06-08 18:43:26+00:00,,,https://twitter.com/igor_chubin,,User,False,4839,6,13.248459958932239,1.8247586107508285,0.07018302349041648,3868.0,143.25925925925927,0.0,0,0,1,0,0,0,1987.0,0
hpcaitech,33,0,1946,0,2021-08-10 04:01:04+00:00,2026-03-25 07:05:41+00:00,,,https://hpc-ai.com/,,Organization,False,1769,81,4.843258042436688,5.647534262621529,0.0,1946.0,57.23529411764706,0.0,0,0,1,0,0,1,1039.0,0
mvanhorn,1340,0,2792,6,2010-10-26 19:09:59+00:00,2026-06-06 20:58:35+00:00,,,,,User,False,5710,7,15.633127994524298,80.56211678531749,0.0,398.85714285714283,2.082028337061894,0.0044742729306487695,0,0,0,0,0,0,4077.2,0
zai-org,49,0,4413,0,2025-07-27 11:07:11+00:00,2025-12-11 09:14:58+00:00,,,https://www.zhipuai.cn/en,,Organization,False,322,185,0.8815879534565366,26.041833393961443,0.0,4413.0,88.26,0.0,0,0,1,0,0,1,2304.5,1
agno-agi,65,0,1757,0,2022-05-04 00:28:32+00:00,2026-02-16 13:42:06+00:00,,,https://agno.com,,Organization,False,1502,118,4.112251882272417,12.714553487749363,0.0,1757.0,26.62121212121212,0.0,0,0,1,0,0,1,1008.5,1
sickn33,24,1,644,8,2024-10-07 06:33:13+00:00,2026-06-10 13:43:44+00:00,,,,Italy,User,False,615,4,1.6837782340862424,8.942616679418515,0.37260902830910486,71.55555555555556,25.76,0.32,0,0,0,1,0,0,372.6,0
google-research,346,0,16040,0,2018-10-03 21:40:41+00:00,2025-06-28 19:58:35+00:00,,,https://research.google,Earth,Organization,False,2810,351,7.693360711841205,39.80048815053933,0.0,16040.0,46.22478386167147,0.0,0,0,1,1,0,1,8712.0,1
floodsung,120,4,3361,46,2013-03-16 05:21:08+00:00,2026-05-06 06:42:06+00:00,,xvirobotics.com,floodsung.github.io,,User,False,4838,39,13.245722108145106,8.42358141546149,0.2807860471820497,71.51063829787235,27.776859504132233,0.38016528925619836,0,1,1,0,0,0,1933.7,0
lm-sys,5,0,2156,0,2023-02-26 08:21:35+00:00,2023-10-13 01:18:34+00:00,,,,,Organization,False,1204,975,3.29637234770705,1.163772502787956,0.0,2156.0,359.3333333333333,0.0,0,0,0,0,0,1,1088.0,1
2noise,3,0,348,0,2024-03-25 05:47:08+00:00,2024-05-28 08:22:07+00:00,,,2noise.com,,Organization,False,811,747,2.220396988364134,0.9315621679064825,0.0,348.0,87.0,0.0,0,0,1,0,0,1,180.0,1
react,10,0,501,0,2009-07-08 09:38:38+00:00,2026-05-13 19:12:36+00:00,,,,,Organization,False,6185,32,16.933607118412045,0.5576123048738598,0.0,501.0,45.54545454545455,0.0,0,0,0,0,0,1,270.5,0
affaan-m,27,0,7317,20,2023-02-04 11:57:38+00:00,2026-06-08 15:12:02+00:00,True,Itô,https://affaanmustafa.com,"San Francisco, CA / Bellevue, WA",User,False,1226,6,3.356605065023956,6.197486252945797,0.0,348.42857142857144,261.32142857142856,0.7142857142857143,0,1,1,1,1,0,3716.5,0
trekhleb,27,0,17892,7,2012-12-09 08:38:00+00:00,2025-12-12 04:22:06+00:00,True,Uber,trekhleb.dev,San Francisco Bay Area,User,False,4935,184,13.51129363449692,1.8606197820857509,0.0,2236.5,639.0,0.25,0,1,1,1,1,0,9001.4,1
Snailclimb,14,0,10931,123,2017-07-04 03:55:47+00:00,2026-06-03 00:50:18+00:00,,,https://javaguide.cn/,"Wuhan, Hubei",User,False,3267,11,8.944558521560575,1.40780507949618,0.0,88.15322580645162,728.7333333333333,8.2,0,0,1,1,0,0,5518.1,0
airbnb,203,0,5622,0,2011-03-30 01:29:47+00:00,2025-06-27 02:18:58+00:00,,,https://airbnb.tech,San Francisco,Organization,False,5555,352,15.208761122518823,12.524091043452557,0.0,5622.0,27.558823529411764,0.0,0,0,1,1,0,1,3217.0,1
vercel,234,0,28916,0,2015-10-05 19:40:30+00:00,2026-04-28 17:04:11+00:00,,,https://vercel.com,,Organization,False,3905,47,10.691307323750856,20.014870323751538,0.0,28916.0,123.0468085106383,0.0,0,0,1,0,0,1,14926.0,0
Chalarangelo,91,42,3296,13,2014-07-27 14:40:23+00:00,2026-05-24 09:59:22+00:00,,Skroutz S.A.,https://www.chalarangelo.me/,"Athens, Greece",User,False,4340,21,11.88227241615332,7.06397109611604,3.260294352053557,235.42857142857142,35.82608695652174,0.14130434782608695,0,1,1,1,0,0,1874.6,0
nodejs,231,0,16032,0,2014-11-25 17:10:50+00:00,2026-06-06 11:39:03+00:00,,,https://nodejs.org,,Organization,False,4219,8,11.550992470910336,18.40491901619676,0.0,16032.0,69.10344827586206,0.0,0,0,1,0,0,1,8478.0,0
mrdoob,58,73,25210,200,2009-06-19 16:54:00+00:00,2026-06-08 08:32:12+00:00,,,https://mrdoob.com,,User,False,6204,6,16.985626283367555,3.2247973512958104,4.058796666286106,125.42288557213931,427.2881355932203,3.389830508474576,0,0,1,0,0,0,12834.0,0
axios,5,0,2383,0,2017-09-28 19:14:51+00:00,2026-04-04 18:45:21+00:00,,,https://axios.rest,,Organization,False,3181,71,8.709103353867214,0.5149806133239337,0.0,2383.0,397.1666666666667,0.0,0,0,1,0,0,1,1201.5,0
mui,20,0,4840,0,2017-11-14 15:51:41+00:00,2026-06-03 17:21:59+00:00,,,https://mui.com,Global,Organization,False,3134,11,8.580424366872005,2.0875901978995497,0.0,4840.0,230.47619047619048,0.0,0,0,1,1,0,1,2460.0,0
ryanmcdermott,51,5,4512,3,2013-07-29 16:38:31+00:00,2025-08-24 16:40:20+00:00,,@google ,ryanmcdermott.me,Bay Area,User,False,4703,294,12.876112251882272,3.675381048685444,0.360331475361318,1128.0,86.76923076923077,0.057692307692307696,0,1,1,1,0,0,2363.6,1
louislam,57,7,3484,12,2012-01-17 14:09:09+00:00,2026-06-10 08:37:12+00:00,True,,,Hong Kong,User,False,5262,4,14.406570841889117,3.699720111955218,0.45435159269625486,268.0,60.06896551724138,0.20689655172413793,0,0,0,1,1,0,1865.4,0
sveltejs,83,0,5025,0,2016-11-20 18:03:26+00:00,2025-09-12 08:14:16+00:00,,,https://svelte.dev,pkg.devDependencies,Organization,False,3493,275,9.56331279945243,7.857383528801918,0.0,5025.0,59.82142857142857,0.0,0,0,1,1,0,1,2678.5,1
thedotmack,120,15,1694,122,2011-03-22 14:18:35+00:00,2026-05-04 22:55:47+00:00,,,,,User,False,5563,40,15.23066392881588,7.393412895879897,0.9241766119849871,13.772357723577235,14.0,1.0082644628099173,0,0,0,0,0,0,1126.4,0
anuraghazra,139,29,14844,125,2018-01-12 14:48:56+00:00,2026-06-10 11:48:39+00:00,,@razorpay,https://anuraghazra.dev,"India, West Bengal",User,False,3075,4,8.41889117043121,14.757575757575758,3.0789186832352304,117.80952380952381,106.02857142857142,0.8928571428571429,0,1,1,1,0,0,7754.0,0
FortAwesome,47,0,1480,0,2012-03-06 05:21:04+00:00,2024-03-21 17:50:56+00:00,,,https://fontawesome.com,United States of America,Organization,False,5213,815,14.272416153319645,3.0774436427194907,0.0,1480.0,30.833333333333332,0.0,0,0,1,1,0,1,834.0,1
typicode,77,0,10197,0,2013-09-20 13:43:02+00:00,2026-03-26 07:21:43+00:00,True,,,,User,False,4650,80,12.731006160164272,5.60774637356064,0.0,10197.0,130.73076923076923,0.0,0,0,0,0,1,0,5252.5,0
JuliusBrussee,49,0,1797,6,2022-04-21 20:06:45+00:00,2026-04-20 11:49:43+00:00,,,juliusbrussee.com,Netherlands,User,False,1515,55,4.147843942505133,9.518548065416834,0.0,256.7142857142857,35.94,0.12,0,0,1,1,0,0,997.7,0
hakimel,31,19,12742,28,2011-02-21 07:33:44+00:00,2026-05-02 05:06:16+00:00,,Slides.com,https://hakim.se,Sweden,User,False,5592,43,15.31006160164271,1.900667254186076,1.1649250912753368,439.37931034482756,398.1875,0.875,0,1,1,1,0,0,6457.6,0
juliangarnier,20,0,5421,7,2011-12-16 20:40:13+00:00,2026-04-29 19:46:15+00:00,,https://animejs.com,https://juliangarnier.com/,Paris,User,False,5294,46,14.494182067077345,1.2908070857445775,0.0,677.625,258.14285714285717,0.3333333333333333,0,1,1,1,0,0,2751.9,0
expressjs,49,0,2570,0,2013-10-10 18:05:56+00:00,2026-06-13 11:41:11+00:00,,,https://expressjs.com/,,Organization,False,4630,1,12.676249144421629,3.582853711025474,0.0,2570.0,51.4,0.0,0,0,1,0,0,1,1383.0,0
chartjs,20,0,872,0,2014-12-29 19:20:21+00:00,2020-11-15 16:17:23+00:00,,,http://www.chartjs.org/,,Organization,False,4185,2037,11.457905544147843,1.605406296357343,0.0,872.0,41.523809523809526,0.0,0,0,1,0,0,1,476.0,1
leonardomso,68,4,3196,306,2014-06-30 19:39:01+00:00,2026-06-12 16:03:07+00:00,True,,http://leonardomso.com/,"Valencia, Spain",User,False,4367,2,11.956194387405887,5.24845475196788,0.3087326324686988,10.410423452768729,46.31884057971015,4.434782608695652,0,0,1,1,1,0,1799.2,0
webpack,86,0,1298,0,2012-08-06 20:40:38+00:00,2023-02-09 12:18:55+00:00,,,https://webpack.js.org,,Organization,False,5060,1221,13.853524982888432,5.789871434496106,0.0,1298.0,14.919540229885058,0.0,0,0,1,0,0,1,821.0,1
gorhill,28,8,6676,0,2011-01-26 23:09:09+00:00,2026-05-29 14:59:54+00:00,,,,Canada / Québec,User,False,5617,16,15.378507871321013,1.7095574407622551,0.48844498307493,6676.0,230.20689655172413,0.0,0,0,0,1,0,0,3402.0,0
gsd-build,8,0,1111,0,2026-02-09 17:59:31+00:00,2026-05-23 22:51:51+00:00,,,,,Organization,False,125,21,0.34223134839151265,5.960224375318715,0.0,1111.0,123.44444444444444,0.0,0,0,0,0,0,1,571.5,0
resume,1,0,80,0,2011-02-06 00:02:48+00:00,2022-05-09 20:48:38+00:00,,,http://resume.github.com,,Organization,False,5607,1497,15.351129363449692,0.061157855079743806,0.0,80.0,40.0,0.0,0,0,1,0,0,1,42.0,1
jgraph,32,0,4880,0,2012-05-23 09:51:35+00:00,2025-09-19 20:51:39+00:00,,,http://www.drawio.com,United Kingdom,Organization,False,5135,268,14.05886379192334,2.124994318440071,0.0,4880.0,147.87878787878788,0.0,0,0,1,1,0,1,2504.0,1
Mintplex-Labs,38,0,1622,0,2023-05-23 16:32:22+00:00,2026-03-13 20:03:34+00:00,,,https://mintplexlabs.com,United States of America,Organization,False,1118,93,3.060917180013689,9.357491993932243,0.0,1622.0,41.58974358974359,0.0,0,0,1,1,0,1,887.0,1
lodash,5,0,350,0,2012-10-15 15:56:25+00:00,2026-05-15 13:16:47+00:00,,,https://lodash.com/,,Organization,False,4990,30,13.661875427789186,0.34102049390784744,0.0,350.0,58.333333333333336,0.0,0,0,1,0,0,1,185.0,0
atom,255,0,3268,0,2011-09-29 07:56:58+00:00,2023-06-22 17:12:47+00:00,,,http://atom.io,"San Francisco, CA",Organization,False,5372,1088,14.707734428473648,16.23404069894113,0.0,3268.0,12.765625,0.0,0,0,1,1,0,1,2144.0,1
adam-p,66,14,1671,2,2010-10-03 21:25:48+00:00,2026-05-20 14:52:08+00:00,,"Psiphon Inc., Proven Security Solutions Inc.",https://adam-p.ca,"Toronto, Canada",User,False,5732,25,15.693360711841205,3.9536676370494894,0.8386567714953462,557.0,24.940298507462686,0.029850746268656716,0,1,1,1,0,0,981.9,0
jquery,65,0,1236,0,2009-04-03 15:18:52+00:00,2026-05-24 11:28:58+00:00,,,https://jquery.com,,Organization,False,6281,21,17.196440793976727,3.5721271393643033,0.0,1236.0,18.727272727272727,0.0,0,0,1,0,0,1,748.0,0
angular,214,0,8641,0,2009-10-13 22:16:19+00:00,2025-06-28 19:58:19+00:00,,,https://angular.dev,United States of America,Organization,False,6087,351,16.6652977412731,12.11414622805998,0.0,8641.0,40.19069767441861,0.0,0,0,1,1,0,1,4748.5,1
h5bp,28,0,941,0,2011-10-18 21:02:57+00:00,2025-02-10 11:49:35+00:00,,,https://h5bp.org,,Organization,False,5352,489,14.652977412731007,1.7887970615243343,0.0,941.0,32.44827586206897,0.0,0,0,1,0,0,1,526.5,1
scutan90,40,0,2560,1,2017-09-11 08:30:48+00:00,2022-04-09 02:58:01+00:00,,,,,User,False,3198,1527,8.75564681724846,4.10018943380341,0.0,1280.0,62.4390243902439,0.024390243902439025,0,0,0,0,0,0,1360.2,1
gatsbyjs,103,0,1387,0,2015-05-21 22:42:00+00:00,2024-12-16 09:02:31+00:00,,,https://www.gatsbyjs.com/,,Organization,False,4041,545,11.063655030800822,8.538042553191488,0.0,1387.0,13.336538461538462,0.0,0,0,1,0,0,1,899.5,1
azl397985856,151,33,4680,74,2015-05-17 03:29:38+00:00,2026-05-28 12:12:28+00:00,True,secret,https://lucifer.ren/blog,China,User,False,4046,17,11.077344284736482,12.502748654009634,2.732388778690847,62.4,30.789473684210527,0.4868421052631579,0,1,1,1,1,0,2689.8,0
TryGhost,151,0,1692,0,2012-08-19 13:28:58+00:00,2025-06-30 19:46:11+00:00,,,https://ghost.org,,Organization,False,5047,349,13.817932922655714,10.190355212711903,0.0,1692.0,11.131578947368421,0.0,0,0,1,0,0,1,1148.0,1
santifer,21,0,2667,4,2026-01-23 18:25:51+00:00,2026-06-12 06:34:31+00:00,True,@Zinkee-Engineering ,https://santifer.io,"Seville, Spain",User,False,142,2,0.3887748117727584,15.121241991128633,0.0,533.4,121.22727272727273,0.18181818181818182,0,1,1,1,1,0,1376.3,0
mozilla,2553,0,10558,0,2009-09-26 08:22:18+00:00,2026-04-06 02:38:43+00:00,,,https://wiki.mozilla.org/Github,"Mountain View, California",Organization,False,6105,69,16.71457905544148,144.11858119856265,0.0,10558.0,4.1339075959279565,0.0,0,0,1,1,0,1,10385.0,0
prettier,45,0,981,0,2017-02-16 14:37:13+00:00,2026-06-08 14:56:24+00:00,,,https://prettier.io,,Organization,False,3405,6,9.322381930184806,4.35945892182216,0.0,981.0,21.32608695652174,0.0,0,0,1,0,0,1,580.5,0
agalwood,39,2,1525,38,2011-09-07 06:50:08+00:00,2026-06-03 11:37:19+00:00,,AGALWOOD,https://agalwood.net/,,User,False,5394,11,14.767967145790555,2.4733689282458653,0.12683943221773666,39.1025641025641,38.125,0.95,0,1,1,0,0,0,850.1,0
chinese-poetry,7,0,657,0,2017-08-06 04:32:21+00:00,2026-06-08 15:49:12+00:00,,,https://awesome-poetry.top,"Shanghai, China",Organization,False,3234,6,8.854209445585216,0.7103563242342155,0.0,657.0,82.125,0.0,0,0,1,1,0,1,342.5,0
Semantic-Org,81,0,239,0,2013-10-28 17:02:43+00:00,2016-10-05 22:23:49+00:00,,,http://www.semantic-ui.com,New York,Organization,False,4612,3538,12.626967830253252,5.944095635139886,0.0,239.0,2.9146341463414633,0.0,0,0,1,1,0,1,281.5,1
poteto,86,230,7278,11,2012-01-30 07:35:52+00:00,2026-06-12 01:12:53+00:00,,@cursor,no.lol,socal,User,False,5249,2,14.3709787816564,5.5949592554660015,14.963263125083493,606.5,83.65517241379311,0.12643678160919541,0,1,1,1,0,0,4043.2,0
NARKOZ,97,13,5327,12,2010-04-26 19:07:39+00:00,2026-06-10 15:06:26+00:00,True,,,"Kyiv, Ukraine",User,False,5893,4,16.134154688569474,5.661207206487436,0.7587184915910997,409.7692307692308,54.357142857142854,0.12244897959183673,0,0,0,1,1,0,2872.9,0
bmad-code-org,13,0,747,0,2025-08-01 13:48:13+00:00,2025-08-01 13:58:30+00:00,,,,,Organization,False,317,317,0.8678986995208761,6.9596921949432025,0.0,747.0,53.357142857142854,0.0,0,0,0,0,0,1,399.5,1
iamkun,3,0,1982,11,2016-03-06 02:15:10+00:00,2026-05-12 11:38:37+00:00,,@ElemeFE ,,"Shanghai, China",User,False,3752,33,10.272416153319645,0.2661363774363956,0.0,165.16666666666666,495.5,2.75,0,1,0,1,0,0,999.2,0
algorithm-visualizer,10,0,588,0,2018-04-18 06:19:04+00:00,2025-05-29 12:52:55+00:00,,,https://algorithm-visualizer.org/,,Organization,False,2979,381,8.15605749486653,1.0921731329894595,0.0,588.0,53.45454545454545,0.0,0,0,1,0,0,1,314.0,1
bigskysoftware,30,0,1791,0,2019-03-21 14:03:29+00:00,2026-06-02 14:53:20+00:00,,,https://bigsky.software,high up in the mountains,Organization,False,2642,12,7.233401779603011,3.643694405187464,0.0,1791.0,57.774193548387096,0.0,0,0,1,1,0,1,955.5,0
moment,7,0,208,0,2013-04-11 19:06:49+00:00,2020-04-03 18:16:10+00:00,,,http://momentjs.com,,Organization,False,4812,2263,13.174537987679672,0.49384325655512096,0.0,208.0,26.0,0.0,0,0,1,0,0,1,118.0,1
serverless,71,0,850,0,2015-08-11 05:02:02+00:00,2026-06-02 00:42:39+00:00,,,https://serverless.com,United States of America,Organization,False,3960,12,10.841889117043122,5.995664990462979,0.0,850.0,11.805555555555555,0.0,0,0,1,1,0,1,567.0,0
LeCoupa,21,46,2790,187,2012-04-19 09:37:07+00:00,2026-06-04 10:26:01+00:00,,@TheCompaniesAPI,https://www.thecompaniesapi.com/,"Barcelona, Spain.",User,False,5169,10,14.151950718685832,1.385960157202873,3.0359127253015314,14.840425531914894,126.81818181818181,8.5,0,1,1,1,0,0,1520.4,0
google,2879,0,74011,0,2012-01-18 01:30:18+00:00,2025-06-28 19:58:20+00:00,,,https://opensource.google/,United States of America,Organization,False,5261,351,14.403832991101986,186.90153299266828,0.0,74011.0,25.69826388888889,0.0,0,0,1,1,0,1,42763.5,1
Leaflet,16,0,856,0,2012-11-21 14:17:37+00:00,2026-05-27 11:39:59+00:00,,,http://leafletjs.com,,Organization,False,4953,18,13.560574948665298,1.098857706952475,0.0,856.0,50.35294117647059,0.0,0,0,1,0,0,1,460.0,0
usebruno,31,0,557,0,2022-09-27 20:50:24+00:00,2025-12-22 11:15:25+00:00,,,https://www.usebruno.com/,,Organization,False,1356,174,3.7125256673511293,6.578213507625272,0.0,557.0,17.40625,0.0,0,0,1,0,0,1,340.5,1
GitSquared,22,14,2154,183,2016-12-10 17:39:02+00:00,2026-05-24 22:34:01+00:00,,@carbonfact,https://gaby.dev,"Paris, France",User,False,3473,20,9.508555783709788,2.0935322086888557,1.3322477691656354,11.706521739130435,93.65217391304348,7.956521739130435,0,1,1,1,0,0,1171.6,0
meteor,230,0,332,0,2011-05-15 18:34:06+00:00,2026-03-30 19:17:24+00:00,,,https://meteor.com/,Canada,Organization,False,5509,76,15.082819986310746,14.30097459250117,0.0,332.0,1.4372294372294372,0.0,0,0,1,1,0,1,626.0,0
sudheerj,71,0,9142,0,2012-12-26 13:50:38+00:00,2026-05-28 11:38:29+00:00,True,,https://sudheerjonna.com,,User,False,4918,17,13.464750171115675,4.908484360952065,0.0,9142.0,126.97222222222223,0.0,0,0,1,0,1,0,4713.0,0
parcel-bundler,13,0,1723,0,2017-10-08 05:40:19+00:00,2026-05-24 12:36:09+00:00,,,https://parceljs.org,,Organization,False,3171,21,8.681724845995893,1.3427359490986215,0.0,1723.0,123.07142857142857,0.0,0,0,1,0,0,1,887.5,0
NaiboWang,37,0,1548,23,2017-07-19 09:20:06+00:00,2026-05-22 13:55:52+00:00,,Zhejiang University,https://naibo.wang,"Ningbo, Zhejiang Province",User,False,3252,23,8.903490759753593,3.736056396433755,0.0,64.5,40.73684210526316,0.6052631578947368,0,1,1,1,0,0,852.6,0
Unitech,195,309,1402,432,2011-04-28 20:38:41+00:00,2026-02-19 13:21:05+00:00,,@keymetrics ,https://pm2.io,Paris,User,False,5526,115,15.129363449691992,12.0897517504774,19.157606619987266,3.2378752886836026,7.153061224489796,2.204081632653061,0,1,1,1,0,0,1486.4,1
zen-browser,17,0,10447,0,2024-03-28 00:04:32+00:00,2026-02-27 11:09:23+00:00,,,https://zen-browser.app,,Organization,False,808,107,2.212183436002738,5.292350308970807,0.0,10447.0,580.3888888888889,0.0,0,0,1,0,0,1,5257.5,1
asgeirtj,31,11,1307,4,2017-04-13 19:48:33+00:00,2026-05-25 01:46:57+00:00,True,,,Iceland,User,False,3349,20,9.169062286105408,3.0484620044423503,1.081712324156963,261.4,40.84375,0.125,0,0,0,1,1,0,727.3,0
nolimits4web,26,39,4391,1,2011-08-23 17:45:14+00:00,2026-05-15 03:11:12+00:00,True,,https://nolimits4web.com,USA,User,False,5409,30,14.809034907597535,1.6446291726198208,2.466943758929731,2195.5,162.62962962962962,0.037037037037037035,0,0,1,1,1,0,2286.7,0
yarnpkg,24,0,900,0,2016-09-16 21:24:31+00:00,2025-10-09 09:18:19+00:00,,,https://yarnpkg.com,,Organization,False,3557,248,9.738535249828884,2.234941678883294,0.0,900.0,36.0,0.0,0,0,1,0,0,1,498.0,1
nwjs,14,0,148,0,2014-12-13 23:07:30+00:00,2026-06-10 12:04:33+00:00,,,https://nwjs.io,,Organization,False,4200,4,11.498973305954825,1.1200919993428617,0.0,148.0,9.866666666666667,0.0,0,0,1,0,0,1,102.0,0
DavidHDev,15,0,2773,55,2019-03-16 23:11:23+00:00,2026-05-05 06:48:39+00:00,True,,www.davidhaz.com,Cluj-Napoca,User,False,2646,40,7.24435318275154,1.8194271481942714,0.0,49.517857142857146,173.3125,3.4375,0,0,1,1,1,0,1427.5,0
remoteintech,1,0,603,0,2017-09-07 00:41:04+00:00,2026-05-20 12:33:03+00:00,,,https://remoteintech.company/?utm_campaign=GitHub+bio&utm_source=github&utm_medium=bio&utm_content=textlink,Everywhere,Organization,False,3202,25,8.766598220396988,0.10238979606139183,0.0,603.0,301.5,0.0,0,0,1,1,0,1,303.5,0
goabstract,38,0,198,0,2016-03-22 18:43:27+00:00,2026-04-06 18:00:19+00:00,,,https://abstract.com,,Organization,False,3736,69,10.22861054072553,3.3842121304480344,0.0,198.0,5.076923076923077,0.0,0,0,1,0,0,1,175.0,0
PatrickJS,972,323,3551,394,2011-08-31 07:43:17+00:00,2026-06-12 22:24:50+00:00,True,@kunai-consulting,patrickjs.com,"San Francisco, Los Angeles, Las Vegas",User,False,5401,1,14.787132101300479,61.5691307175374,20.45970084543681,8.989873417721519,3.6495375128468655,0.40493319630010277,0,1,1,1,1,0,4121.3,0
videojs,78,0,579,0,2013-01-16 16:06:11+00:00,2025-04-14 23:58:31+00:00,,,https://videojs.org,,Organization,False,4897,425,13.4072553045859,5.413938904461019,0.0,579.0,7.329113924050633,0.0,0,0,1,0,0,1,445.5,1
phaserjs,103,0,488,0,2019-09-03 16:10:21+00:00,2025-12-18 17:55:01+00:00,,,https://phaser.io,United States of America,Organization,False,2476,178,6.778918548939083,13.240915090189178,0.0,488.0,4.6923076923076925,0.0,0,0,1,1,0,1,450.0,1
Dogfalo,27,8,1156,2,2012-11-12 05:21:31+00:00,2026-06-09 18:31:50+00:00,,,,,User,False,4962,5,13.585215605749486,1.8511896381810504,0.548500633535126,385.3333333333333,41.285714285714285,0.07142857142857142,0,0,0,0,0,0,640.4,0
preactjs,39,0,673,0,2017-04-03 13:00:07+00:00,2020-12-26 22:49:40+00:00,,,https://preactjs.com,,Organization,False,3359,1995,9.196440793976729,3.8248640665905884,0.0,673.0,16.825,0.0,0,0,1,0,0,1,414.5,1
impress,2,0,48,0,2013-09-17 11:16:46+00:00,2016-04-14 16:28:09+00:00,,,,,Organization,False,4653,3713,12.739219712525667,0.14556867433866388,0.0,48.0,16.0,0.0,0,0,0,0,0,1,28.0,1
naptha,24,0,175,0,2014-05-28 03:53:18+00:00,2022-05-09 20:50:34+00:00,,,http://projectnaptha.com,"Cambridge, MA",Organization,False,4400,1497,12.046543463381246,1.839567703688159,0.0,175.0,7.0,0.0,0,0,1,1,0,1,135.5,1
pbakaus,25,5,1573,1,2008-12-28 16:08:50+00:00,2026-06-05 18:16:18+00:00,,Google,https://paulbakaus.com,San Francisco,User,False,6377,9,17.45927446954141,1.3543327524194446,0.2708665504838889,786.5,60.5,0.038461538461538464,0,1,1,1,0,0,841.7,0
ToolJet,8,0,585,0,2021-04-09 03:07:25+00:00,2025-12-15 05:07:53+00:00,,,https://tooljet.com,,Organization,False,1892,181,5.1800136892539355,1.2944955144534278,0.0,585.0,65.0,0.0,0,0,1,0,0,1,308.5,1
denysdovhan,80,34,2974,140,2013-02-02 21:23:29+00:00,2026-06-08 15:46:50+00:00,,@wix,denysdovhan.com,"Kyiv, Ukraine",User,False,4879,6,13.357973990417522,5.571816751680412,2.3680221194641753,21.092198581560282,36.71604938271605,1.728395061728395,0,1,1,1,0,0,1709.0,0
drawdb-io,5,0,469,0,2023-07-16 17:07:40+00:00,2024-09-03 12:15:29+00:00,,,https://drawdb.app/,,Organization,False,1064,649,2.9130732375085557,1.2777680601714185,0.0,469.0,78.16666666666667,0.0,0,0,1,0,0,1,244.5,1
markedjs,15,0,162,0,2016-06-12 08:28:52+00:00,2026-05-17 11:54:43+00:00,,,https://marked.js.org,,Organization,False,3654,28,10.004106776180699,1.3631274491509608,0.0,162.0,10.125,0.0,0,0,1,0,0,1,111.0,0
fastify,139,0,1261,0,2017-01-05 14:50:57+00:00,2026-05-20 12:21:57+00:00,,,https://fastify.dev,United States of America,Organization,False,3447,25,9.437371663244353,13.317529018296282,0.0,1261.0,9.007142857142858,0.0,0,0,1,1,0,1,908.5,0
carbon-app,2,0,152,0,2019-06-24 20:58:10+00:00,2026-06-13 13:13:29+00:00,,,https://carbon.now.sh,www,Organization,False,2546,1,6.97056810403833,0.25092314297981966,0.0,152.0,50.666666666666664,0.0,0,0,1,1,0,1,80.0,0
koajs,104,0,410,0,2013-07-20 18:53:26+00:00,2020-04-21 04:07:53+00:00,,,https://koajs.com,,Organization,False,4712,2245,12.900752908966462,7.481609138805456,0.0,410.0,3.9047619047619047,0.0,0,0,1,0,0,1,413.0,1
jondot,419,57,1685,61,2009-05-11 19:46:11+00:00,2026-05-26 17:18:43+00:00,True,SpectralOps,https://medium.com/@jondot/,"Tel Aviv, Israel",User,False,6243,19,17.09240246406571,23.158892293723753,3.1504937010554985,27.177419354838708,4.011904761904762,0.14523809523809525,0,1,1,1,1,0,1749.7,0
alvarotrigo,87,28,3498,10,2012-05-04 15:52:02+00:00,2026-04-13 14:26:57+00:00,True,,http://alvarotrigo.com,"Cambridge, UK",User,False,5154,62,14.11088295687885,5.757439869547493,1.8529691534175838,318.0,39.75,0.11363636363636363,0,0,1,1,1,0,1953.0,0
sahat,181,18,4763,18,2011-01-03 05:41:55+00:00,2026-02-10 01:36:52+00:00,,iCapital Network,,Remote,User,False,5641,124,15.444216290212184,11.00690946930281,1.0946097814776274,250.68421052631578,26.17032967032967,0.0989010989010989,0,1,0,1,0,0,2765.1,1
ryanhanwu,80,98,1013,61,2010-08-20 17:36:28+00:00,2026-05-29 01:21:06+00:00,,,,Gotham City,User,False,5777,16,15.816563997262149,4.757214375839472,5.827587610403353,16.338709677419356,12.506172839506172,0.7530864197530864,0,0,0,1,0,0,776.7,0
gchq,73,0,2373,0,2015-11-11 12:53:55+00:00,2026-01-19 08:27:26+00:00,,,https://gchq.gov.uk,UK,Organization,False,3868,146,10.590006844626968,6.298529498612178,0.0,2373.0,32.067567567567565,0.0,0,0,1,1,0,1,1332.5,1
songquanpeng,102,1,1860,245,2018-06-06 14:53:43+00:00,2026-06-04 04:21:46+00:00,,South China University of Technology,https://iamazing.cn/,"Shanghai, China",User,False,2930,10,8.021902806297057,11.30581898186784,0.11084136256733176,7.560975609756097,18.058252427184467,2.378640776699029,0,1,1,1,0,0,1184.0,0
qishibo,57,2,630,10,2013-08-01 08:02:26+00:00,2026-05-24 01:32:53+00:00,,sidu,https://qii404.me/,HD,User,False,4700,21,12.867898699520875,4.110211736834312,0.14421795567839693,57.27272727272727,10.862068965517242,0.1724137931034483,0,1,1,1,0,0,433.0,0
zenorocha,147,52,11507,234,2010-09-14 13:36:42+00:00,2026-06-03 19:58:59+00:00,,@resend,https://zenorocha.com,"San Francisco, California",User,False,5752,11,15.748117727583846,8.777105725612,3.104826515182476,48.96595744680851,77.75,1.5810810810810811,0,1,1,1,0,0,6146.3,0
atlassian,385,0,1572,0,2009-12-16 00:16:42+00:00,2025-05-22 04:58:45+00:00,,,https://atlassian.com/,Australia,Organization,False,6024,388,16.49281314168378,22.009038619556286,0.0,1572.0,4.072538860103627,0.0,0,0,1,1,0,1,1556.0,1
pcottle,26,14,1345,5,2011-10-18 05:56:56+00:00,2026-05-23 21:44:54+00:00,,,http://petermcottle.com,"Berkeley, CA",User,False,5353,21,14.655715263518138,1.6607353648406418,0.8942421195295763,224.16666666666666,49.81481481481482,0.18518518518518517,0,0,1,1,0,0,739.5,0
coreyhaines31,7,0,2205,13,2017-12-24 01:54:55+00:00,2026-04-03 22:56:35+00:00,,,corey.co,San Diego,User,False,3094,71,8.470910335386721,0.739105297391053,0.0,157.5,275.625,1.625,0,0,1,1,0,0,1119.1,0
lutzroeder,10,0,1685,5,2010-10-13 20:55:16+00:00,2026-06-04 16:02:28+00:00,,@microsoft,lutzroeder.com,,User,True,5723,10,15.668720054757015,0.5999260871350551,0.0,280.8333333333333,153.1818181818182,0.45454545454545453,0,1,1,0,0,0,863.5,0
adobe,1103,0,3120,0,2010-11-10 16:36:26+00:00,2026-03-18 12:16:03+00:00,,,https://adobe.com,"San Jose, CA",Organization,False,5695,88,15.592060232717317,66.47757930778434,0.0,3120.0,2.8260869565217392,0.0,0,0,1,1,0,1,3766.0,0
gulpjs,72,0,207,0,2013-12-16 21:17:25+00:00,2026-06-05 11:53:39+00:00,,,https://gulpjs.com,,Organization,False,4562,9,12.490075290896646,5.337257090669238,0.0,207.0,2.835616438356164,0.0,0,0,1,0,0,1,247.5,0
lovell,77,8,1737,52,2010-02-25 21:27:12+00:00,2026-06-07 11:30:19+00:00,,,https://lovell.info,"London, UK",User,False,5952,7,16.295687885010267,4.4519767303811,0.46254303692271165,32.77358490566038,22.26923076923077,0.6666666666666666,0,0,1,1,0,0,1040.9,0
docsifyjs,12,0,263,0,2018-06-10 04:02:26+00:00,2024-04-09 13:56:24+00:00,,,https://docsify.js.org,Mars,Organization,False,2926,796,8.010951403148528,1.3317128750474745,0.0,263.0,20.23076923076923,0.0,0,0,1,1,0,1,155.5,1
parallax,123,0,110,0,2010-07-01 12:24:08+00:00,2026-01-19 12:02:53+00:00,,,https://parall.ax/,,Organization,False,5827,146,15.953456536618754,7.255157656748356,0.0,110.0,0.8870967741935484,0.0,0,0,1,0,0,1,301.0,1
SortableJS,12,0,294,0,2016-02-03 06:54:08+00:00,2022-03-21 02:56:08+00:00,,,https://sortablejs.github.io/Sortable,,Organization,False,3784,1546,10.360027378507871,1.0563354823160813,0.0,294.0,22.615384615384617,0.0,0,0,1,0,0,1,171.0,1
AMAI-GmbH,5,0,243,0,2019-08-18 19:09:57+00:00,2019-08-23 06:34:15+00:00,,,https://am.ai,"Karlsruhe, Germany",Organization,False,2492,2487,6.822724161533197,0.6391635313675738,0.0,243.0,40.5,0.0,0,0,1,1,0,1,131.5,1
webtorrent,38,0,620,0,2013-10-29 02:52:39+00:00,2026-05-15 11:38:55+00:00,,,https://webtorrent.io,npm install webtorrent,Organization,False,4611,30,12.624229979466119,2.7891484551620196,0.0,620.0,15.897435897435898,0.0,0,0,1,1,0,1,386.0,0
ascoders,88,7,3904,55,2014-06-24 02:46:48+00:00,2026-05-11 08:00:49+00:00,,Bytedance,https://github.com/ascoders/weekly,"Hangzhou, China",User,False,4373,34,11.97262149212868,6.783517121300058,0.5395979528306865,69.71428571428571,43.86516853932584,0.6179775280898876,0,1,1,1,0,0,2146.0,0
gethomepage,2,0,350,0,2023-01-17 19:54:27+00:00,2024-06-27 19:27:56+00:00,,,https://gethomepage.dev/,,Organization,False,1244,717,3.405886379192334,0.45393816995494796,0.0,350.0,116.66666666666667,0.0,0,0,1,0,0,1,179.0,1
layui,7,0,216,0,2014-06-22 10:08:23+00:00,2025-11-19 17:40:06+00:00,,,https://layui.dev,Hangzhou China,Organization,False,4375,207,11.978097193702943,0.5393702863773008,0.0,216.0,27.0,0.0,0,0,1,1,0,1,122.0,1
GoogleChrome,51,0,6560,0,2012-05-25 18:21:42+00:00,2026-05-20 00:23:41+00:00,,,,,Organization,False,5133,25,14.053388090349076,3.3879416177874777,0.0,6560.0,126.15384615384616,0.0,0,0,0,0,0,1,3382.0,0
VincentGarreau,15,0,1567,8,2011-08-05 19:21:16+00:00,2026-06-09 08:30:05+00:00,,Livestorm,https://vincentgarreau.com,"Paris, France",User,False,5427,5,14.858316221765914,0.9458759549397902,0.0,174.11111111111111,97.9375,0.5,0,1,1,1,0,0,815.1,0
